P4,STF,P4-Spectec,Petr4,HOL4P4
action_call_ebpf__1.p4,action_call_ebpf__1.stf,PASS,PASS,PASS
action_call_table_ebpf__1.p4,action_call_table_ebpf__1.stf,PASS,PASS,PASS
advance_ebpf__1.p4,advance_ebpf__1.stf,PASS,PASS,PASS
advance_ebpf__2.p4,advance_ebpf__2.stf,PASS,PASS,PASS
advance_ebpf__3.p4,advance_ebpf__3.stf,PASS,PASS,FAIL
advance_ebpf__4.p4,advance_ebpf__4.stf,PASS,PASS,FAIL
bool_ebpf__1.p4,bool_ebpf__1.stf,PASS,PASS,PASS
calc-ebpf__1.p4,calc-ebpf__1.stf,PASS,PASS,FAIL
calc-ebpf__10.p4,calc-ebpf__10.stf,PASS,PASS,FAIL
calc-ebpf__2.p4,calc-ebpf__2.stf,PASS,PASS,FAIL
calc-ebpf__3.p4,calc-ebpf__3.stf,PASS,PASS,FAIL
calc-ebpf__4.p4,calc-ebpf__4.stf,PASS,PASS,FAIL
calc-ebpf__5.p4,calc-ebpf__5.stf,PASS,PASS,FAIL
calc-ebpf__6.p4,calc-ebpf__6.stf,PASS,PASS,FAIL
calc-ebpf__7.p4,calc-ebpf__7.stf,PASS,PASS,FAIL
calc-ebpf__8.p4,calc-ebpf__8.stf,PASS,PASS,FAIL
calc-ebpf__9.p4,calc-ebpf__9.stf,PASS,PASS,FAIL
count_add_ebpf__1.p4,count_add_ebpf__1.stf,PASS,PASS,PASS
count_add_ebpf__2.p4,count_add_ebpf__2.stf,PASS,PASS,PASS
count_add_ebpf__3.p4,count_add_ebpf__3.stf,PASS,PASS,PASS
count_add_ebpf__4.p4,count_add_ebpf__4.stf,PASS,PASS,PASS
count_ebpf__1.p4,count_ebpf__1.stf,PASS,PASS,PASS
count_ebpf__2.p4,count_ebpf__2.stf,PASS,PASS,PASS
count_ebpf__3.p4,count_ebpf__3.stf,PASS,PASS,PASS
count_ebpf__4.p4,count_ebpf__4.stf,PASS,PASS,PASS
ebpf_checksum_extern__1.p4,ebpf_checksum_extern__1.stf,EXCLUDE,EXCLUDE,EXCLUDE
ebpf_checksum_extern__2.p4,ebpf_checksum_extern__2.stf,EXCLUDE,EXCLUDE,EXCLUDE
ebpf_conntrack_extern__1.p4,ebpf_conntrack_extern__1.stf,EXCLUDE,EXCLUDE,EXCLUDE
ebpf_conntrack_extern__2.p4,ebpf_conntrack_extern__2.stf,EXCLUDE,EXCLUDE,EXCLUDE
ebpf_conntrack_extern__3.p4,ebpf_conntrack_extern__3.stf,EXCLUDE,EXCLUDE,EXCLUDE
ebpf_conntrack_extern__4.p4,ebpf_conntrack_extern__4.stf,EXCLUDE,EXCLUDE,EXCLUDE
ebpf_conntrack_extern__5.p4,ebpf_conntrack_extern__5.stf,EXCLUDE,EXCLUDE,EXCLUDE
hit_ebpf__1.p4,hit_ebpf__1.stf,PASS,FAIL,PASS
hit_ebpf__2.p4,hit_ebpf__2.stf,PASS,PASS,PASS
hit_ebpf__3.p4,hit_ebpf__3.stf,PASS,PASS,PASS
hit_ebpf__4.p4,hit_ebpf__4.stf,PASS,PASS,PASS
hit_ebpf__5.p4,hit_ebpf__5.stf,PASS,PASS,PASS
hit_ebpf__6.p4,hit_ebpf__6.stf,PASS,PASS,PASS
init_ebpf__1.p4,init_ebpf__1.stf,PASS,PASS,PASS
init_ebpf__2.p4,init_ebpf__2.stf,PASS,PASS,PASS
init_ebpf__3.p4,init_ebpf__3.stf,PASS,PASS,PASS
init_ebpf__4.p4,init_ebpf__4.stf,PASS,PASS,FAIL
issue2791_ebpf__1.p4,issue2791_ebpf__1.stf,PASS,PASS,PASS
issue2791_ebpf__2.p4,issue2791_ebpf__2.stf,PASS,PASS,PASS
issue2791_ebpf__3.p4,issue2791_ebpf__3.stf,PASS,PASS,PASS
issue2791_ebpf__4.p4,issue2791_ebpf__4.stf,PASS,PASS,PASS
issue2791_ebpf__5.p4,issue2791_ebpf__5.stf,PASS,PASS,PASS
issue2791_ebpf__6.p4,issue2791_ebpf__6.stf,PASS,PASS,PASS
issue2793_ebpf__1.p4,issue2793_ebpf__1.stf,PASS,FAIL,FAIL
issue2793_ebpf__10.p4,issue2793_ebpf__10.stf,PASS,PASS,FAIL
issue2793_ebpf__2.p4,issue2793_ebpf__2.stf,EXCLUDE,EXCLUDE,EXCLUDE
issue2793_ebpf__3.p4,issue2793_ebpf__3.stf,PASS,FAIL,FAIL
issue2793_ebpf__4.p4,issue2793_ebpf__4.stf,PASS,FAIL,FAIL
issue2793_ebpf__5.p4,issue2793_ebpf__5.stf,PASS,PASS,FAIL
issue2793_ebpf__6.p4,issue2793_ebpf__6.stf,PASS,PASS,FAIL
issue2793_ebpf__7.p4,issue2793_ebpf__7.stf,PASS,FAIL,FAIL
issue2793_ebpf__8.p4,issue2793_ebpf__8.stf,EXCLUDE,EXCLUDE,EXCLUDE
issue2793_ebpf__9.p4,issue2793_ebpf__9.stf,PASS,PASS,FAIL
issue2797_ebpf__1.p4,issue2797_ebpf__1.stf,PASS,PASS,PASS
issue2797_ebpf__2.p4,issue2797_ebpf__2.stf,PASS,PASS,PASS
issue2816_ebpf__1.p4,issue2816_ebpf__1.stf,PASS,PASS,PASS
issue2816_ebpf__2.p4,issue2816_ebpf__2.stf,PASS,PASS,PASS
issue2816_ebpf__3.p4,issue2816_ebpf__3.stf,PASS,PASS,PASS
issue2816_ebpf__4.p4,issue2816_ebpf__4.stf,PASS,PASS,PASS
issue2816_ebpf__5.p4,issue2816_ebpf__5.stf,PASS,PASS,PASS
issue2816-1_ebpf__1.p4,issue2816-1_ebpf__1.stf,PASS,FAIL,PASS
issue2816-1_ebpf__2.p4,issue2816-1_ebpf__2.stf,PASS,PASS,PASS
issue2816-1_ebpf__3.p4,issue2816-1_ebpf__3.stf,PASS,PASS,PASS
issue2816-1_ebpf__4.p4,issue2816-1_ebpf__4.stf,PASS,PASS,FAIL
issue2816-1_ebpf__5.p4,issue2816-1_ebpf__5.stf,PASS,PASS,FAIL
issue2816-1_ebpf__6.p4,issue2816-1_ebpf__6.stf,PASS,PASS,FAIL
issue870_ebpf__1.p4,issue870_ebpf__1.stf,PASS,FAIL,PASS
issue870_ebpf__2.p4,issue870_ebpf__2.stf,PASS,PASS,PASS
issue870_ebpf__3.p4,issue870_ebpf__3.stf,PASS,PASS,PASS
issue870_ebpf__4.p4,issue870_ebpf__4.stf,PASS,PASS,PASS
issue870_ebpf__5.p4,issue870_ebpf__5.stf,PASS,PASS,PASS
issue870_ebpf__6.p4,issue870_ebpf__6.stf,PASS,PASS,PASS
key_ebpf__1.p4,key_ebpf__1.stf,PASS,PASS,PASS
key_ebpf__2.p4,key_ebpf__2.stf,PASS,PASS,PASS
key_ebpf__3.p4,key_ebpf__3.stf,PASS,PASS,PASS
key_ebpf__4.p4,key_ebpf__4.stf,PASS,PASS,PASS
key_ebpf__5.p4,key_ebpf__5.stf,PASS,PASS,PASS
key_ebpf__6.p4,key_ebpf__6.stf,PASS,PASS,PASS
key-issue-1020_ebpf__1.p4,key-issue-1020_ebpf__1.stf,EXCLUDE,EXCLUDE,EXCLUDE
key-issue-1020_ebpf__2.p4,key-issue-1020_ebpf__2.stf,PASS,PASS,PASS
key-issue-1020_ebpf__3.p4,key-issue-1020_ebpf__3.stf,PASS,PASS,PASS
key-issue-1020_ebpf__4.p4,key-issue-1020_ebpf__4.stf,PASS,PASS,PASS
key-issue-1020_ebpf__5.p4,key-issue-1020_ebpf__5.stf,PASS,PASS,PASS
key-issue-1020_ebpf__6.p4,key-issue-1020_ebpf__6.stf,PASS,PASS,PASS
length_ebpf__1.p4,length_ebpf__1.stf,PASS,PASS,FAIL
length_ebpf__2.p4,length_ebpf__2.stf,PASS,PASS,PASS
lpm_ebpf__1.p4,lpm_ebpf__1.stf,PASS,FAIL,FAIL
lpm_ebpf__2.p4,lpm_ebpf__2.stf,PASS,FAIL,PASS
lpm_ebpf__3.p4,lpm_ebpf__3.stf,PASS,PASS,PASS
lpm_ebpf__4.p4,lpm_ebpf__4.stf,PASS,PASS,PASS
lpm_ebpf__5.p4,lpm_ebpf__5.stf,PASS,PASS,PASS
lpm_ebpf__6.p4,lpm_ebpf__6.stf,PASS,PASS,PASS
op_bin__1.p4,op_bin__1.stf,PASS,FAIL,FAIL
op_bin__2.p4,op_bin__2.stf,PASS,FAIL,FAIL
op_bin__3.p4,op_bin__3.stf,PASS,FAIL,FAIL
op_bin__4.p4,op_bin__4.stf,PASS,FAIL,FAIL
op_bin__5.p4,op_bin__5.stf,PASS,FAIL,FAIL
stack_ebpf__1.p4,stack_ebpf__1.stf,PASS,FAIL,FAIL
stack_ebpf__2.p4,stack_ebpf__2.stf,PASS,PASS,FAIL
stack_ebpf__3.p4,stack_ebpf__3.stf,PASS,PASS,FAIL
stack_ebpf__4.p4,stack_ebpf__4.stf,PASS,PASS,FAIL
stack_ebpf__5.p4,stack_ebpf__5.stf,PASS,PASS,FAIL
stack_ebpf__6.p4,stack_ebpf__6.stf,PASS,PASS,FAIL
stack_ebpf__7.p4,stack_ebpf__7.stf,PASS,PASS,FAIL
switch_ebpf__1.p4,switch_ebpf__1.stf,PASS,FAIL,PASS
switch_ebpf__2.p4,switch_ebpf__2.stf,PASS,PASS,PASS
switch_ebpf__3.p4,switch_ebpf__3.stf,PASS,PASS,PASS
switch_ebpf__4.p4,switch_ebpf__4.stf,PASS,PASS,FAIL
switch_ebpf__5.p4,switch_ebpf__5.stf,PASS,PASS,FAIL
switch_ebpf__6.p4,switch_ebpf__6.stf,PASS,PASS,FAIL
ternary_ebpf__1.p4,ternary_ebpf__1.stf,PASS,FAIL,PASS
ternary_ebpf__2.p4,ternary_ebpf__2.stf,PASS,FAIL,FAIL
ternary_ebpf__3.p4,ternary_ebpf__3.stf,PASS,PASS,PASS
ternary_ebpf__4.p4,ternary_ebpf__4.stf,PASS,PASS,FAIL
ternary_ebpf__5.p4,ternary_ebpf__5.stf,PASS,PASS,FAIL
ternary_ebpf__6.p4,ternary_ebpf__6.stf,PASS,PASS,FAIL
test_ebpf__1.p4,test_ebpf__1.stf,PASS,FAIL,PASS
test_ebpf__2.p4,test_ebpf__2.stf,PASS,PASS,PASS
test_ebpf__3.p4,test_ebpf__3.stf,PASS,PASS,PASS
test_ebpf__4.p4,test_ebpf__4.stf,PASS,PASS,PASS
test_ebpf__5.p4,test_ebpf__5.stf,PASS,PASS,PASS
test_ebpf__6.p4,test_ebpf__6.stf,PASS,PASS,PASS
two_ebpf__1.p4,two_ebpf__1.stf,PASS,PASS,PASS
two_ebpf__10.p4,two_ebpf__10.stf,PASS,PASS,PASS
two_ebpf__2.p4,two_ebpf__2.stf,EXCLUDE,EXCLUDE,EXCLUDE
two_ebpf__3.p4,two_ebpf__3.stf,PASS,PASS,PASS
two_ebpf__4.p4,two_ebpf__4.stf,PASS,PASS,PASS
two_ebpf__5.p4,two_ebpf__5.stf,PASS,PASS,PASS
two_ebpf__6.p4,two_ebpf__6.stf,PASS,PASS,PASS
two_ebpf__7.p4,two_ebpf__7.stf,PASS,PASS,PASS
two_ebpf__8.p4,two_ebpf__8.stf,PASS,PASS,PASS
two_ebpf__9.p4,two_ebpf__9.stf,PASS,PASS,PASS
valid_ebpf__1.p4,valid_ebpf__1.stf,PASS,PASS,PASS
valid_ebpf__2.p4,valid_ebpf__2.stf,PASS,PASS,PASS
valid_ebpf__3.p4,valid_ebpf__3.stf,PASS,PASS,PASS
valid_ebpf__4.p4,valid_ebpf__4.stf,PASS,PASS,PASS
value_set_ebpf__1.p4,value_set_ebpf__1.stf,PASS,PASS,FAIL
verify_ebpf__1.p4,verify_ebpf__1.stf,PASS,PASS,PASS
verify_ebpf__2.p4,verify_ebpf__2.stf,PASS,PASS,FAIL
