P4,P4-SpecTec,Petr4
action-bind.p4,PASS,PASS
action-synth.p4,PASS,PASS
action-two-params.p4,PASS,FAIL
action-uses.p4,PASS,PASS
actionAnnotations.p4,PASS,PASS
action_call_ebpf.p4,PASS,PASS
action_call_table_ebpf.p4,PASS,PASS
action_call_ubpf.p4,PASS,PASS
action_fwd_ubpf.p4,PASS,PASS
action_param.p4,PASS,PASS
action_param1.p4,PASS,PASS
action_profile-bmv2.p4,PASS,PASS
action_profile_max_group_size_annotation.p4,PASS,PASS
action_profile_sum_of_members_annotation.p4,PASS,PASS
action_selector_shared-bmv2.p4,PASS,PASS
action_selector_unused-bmv2.p4,PASS,PASS
actions-almost-duplicate-names1.p4,PASS,PASS
advance_ebpf.p4,PASS,PASS
advance_ubpf.p4,PASS,PASS
after-return.p4,PASS,PASS
alias.p4,PASS,PASS
annotation-bug.p4,PASS,PASS
annotation-inline-propagate.p4,PASS,PASS
annotation-likely.p4,PASS,PASS
annotations.p4,PASS,PASS
apply-cf.p4,PASS,PASS
apply.p4,PASS,PASS
arch1.p4,PASS,PASS
arch2.p4,PASS,PASS
arch3.p4,PASS,PASS
arith-bmv2.p4,PASS,PASS
arith-inline-bmv2.p4,PASS,PASS
arith-inline-skeleton.p4,PASS,PASS
arith-skeleton.p4,PASS,PASS
arith1-bmv2.p4,PASS,PASS
arith2-bmv2.p4,PASS,PASS
arith2-inline-bmv2.p4,PASS,PASS
arith3-bmv2.p4,PASS,PASS
arith4-bmv2.p4,PASS,PASS
arith5-bmv2.p4,PASS,PASS
array-copy-bmv2.p4,PASS,PASS
array1.p4,EXCLUDE,EXCLUDE
array2.p4,EXCLUDE,EXCLUDE
array3.p4,EXCLUDE,EXCLUDE
array5.p4,EXCLUDE,EXCLUDE
array_field.p4,PASS,PASS
array_field1.p4,PASS,PASS
assign.p4,PASS,PASS
basic2-bmv2.p4,PASS,PASS
basic_routing-bmv2.p4,PASS,PASS
bfd_offload.p4,PASS,FAIL
bit0-bmv2.p4,PASS,FAIL
bitExtract.p4,PASS,PASS
bitwise-and.p4,PASS,PASS
bitwise-cast.p4,PASS,PASS
bool_cast.p4,PASS,PASS
bool_double_cast.p4,PASS,FAIL
bool_ebpf.p4,PASS,PASS
bool_to_bit_cast.p4,PASS,PASS
bvec-hdr-bmv2.p4,PASS,PASS
bvec_union-bmv2.p4,PASS,PASS
calc-ebpf.p4,PASS,PASS
call.p4,PASS,PASS
cases.p4,PASS,PASS
cast-call.p4,PASS,FAIL
cast.p4,PASS,PASS
cast_noop.p4,PASS,FAIL
chain.p4,PASS,PASS
chain1.p4,PASS,PASS
checksum-l4-bmv2.p4,PASS,PASS
checksum1-bmv2.p4,PASS,PASS
checksum2-bmv2.p4,PASS,PASS
checksum3-bmv2.p4,PASS,PASS
complex.p4,PASS,PASS
complex1.p4,PASS,PASS
complex10.p4,PASS,PASS
complex2.p4,PASS,PASS
complex3.p4,PASS,PASS
complex4.p4,PASS,PASS
complex5.p4,PASS,PASS
complex6.p4,PASS,PASS
complex8.p4,PASS,PASS
complex9.p4,PASS,PASS
concat-bmv2.p4,PASS,PASS
concat-fold.p4,PASS,PASS
concat.p4,PASS,PASS
const.p4,PASS,PASS
constStruct.p4,PASS,PASS
constant-fold-infint.p4,PASS,FAIL
constant-in-calculation-bmv2.p4,PASS,PASS
constant_folding.p4,EXCLUDE,EXCLUDE
constants.p4,PASS,PASS
constructor_cast.p4,PASS,PASS
constsigned.p4,PASS,PASS
control-as-param.p4,PASS,PASS
control-hs-index-test1.p4,PASS,PASS
control-hs-index-test2.p4,PASS,PASS
control-hs-index-test3.p4,PASS,PASS
control-hs-index-test4.p4,PASS,PASS
control-hs-index-test5.p4,PASS,PASS
control-hs-index-test6.p4,PASS,PASS
copy.p4,PASS,PASS
copyprop1.p4,PASS,PASS
copyprop2.p4,PASS,PASS
count_add_ebpf.p4,PASS,PASS
count_ebpf.p4,PASS,PASS
crash-typechecker.p4,PASS,PASS
crc32-bmv2.p4,PASS,PASS
csum_ubpf.p4,PASS,PASS
custom-type-restricted-fields.p4,PASS,PASS
dash-pipeline-pna-dpdk.p4,PASS,FAIL
dash-pipeline-v1model-bmv2.p4,PASS,FAIL
decl.p4,PASS,PASS
decl2.p4,PASS,PASS
def-use.p4,PASS,PASS
default-action-arg-bmv2.p4,PASS,PASS
default-control-argument.p4,EXCLUDE,EXCLUDE
default-initializer.p4,PASS,FAIL
default-package-argument.p4,EXCLUDE,EXCLUDE
default-switch.p4,PASS,PASS
default.p4,PASS,PASS
default2.p4,PASS,PASS
default_action-bmv2.p4,PASS,PASS
default_action_ubpf.p4,PASS,PASS
deletekey.p4,PASS,PASS
direct-action.p4,PASS,PASS
direct-action1.p4,PASS,PASS
direct-call.p4,PASS,PASS
direct-call1.p4,PASS,PASS
direct-call2.p4,PASS,PASS
drop-bmv2.p4,PASS,PASS
duplicateMethod.p4,PASS,PASS
ebpf_checksum_extern.p4,PASS,PASS
ebpf_conntrack_extern.p4,PASS,PASS
ebpf_headers.p4,PASS,PASS
elimActRun1.p4,PASS,PASS
empty-bmv2.p4,PASS,PASS
empty.p4,PASS,PASS
emptyTuple.p4,PASS,PASS
entries-empty-keyless.p4,PASS,FAIL
entries-prio.p4,PASS,FAIL
enum-bmv2.p4,PASS,PASS
enum-folding.p4,PASS,PASS
enum.p4,PASS,PASS
enumCast.p4,PASS,FAIL
equality-bmv2.p4,PASS,PASS
equality-varbit-bmv2.p4,PASS,PASS
equality.p4,PASS,PASS
ex1.p4,PASS,PASS
exit1.p4,PASS,PASS
exit2.p4,PASS,PASS
exit3.p4,PASS,PASS
exit4.p4,PASS,PASS
exit5.p4,PASS,PASS
expression.p4,PASS,PASS
extern-funcs-bmv2.p4,PASS,PASS
extern-inst-as-param.p4,PASS,FAIL
extern-int-arg1.p4,EXCLUDE,EXCLUDE
extern.p4,PASS,PASS
extern2.p4,PASS,PASS
extern3.p4,PASS,PASS
externArray1.p4,EXCLUDE,EXCLUDE
extract_for_header_union.p4,PASS,PASS
fabric.p4,PASS,PASS
factory1.p4,EXCLUDE,EXCLUDE
factory2.p4,EXCLUDE,EXCLUDE
filter.p4,PASS,PASS
flag_lost-bmv2.p4,PASS,PASS
flowlet_switching-bmv2.p4,PASS,PASS
fold_match.p4,PASS,PASS
forloop1.p4,PASS,FAIL
forloop10.p4,EXCLUDE,EXCLUDE
forloop11.p4,EXCLUDE,EXCLUDE
forloop2.p4,PASS,FAIL
forloop3.p4,PASS,FAIL
forloop4.p4,PASS,FAIL
forloop5.p4,PASS,FAIL
forloop5a.p4,EXCLUDE,EXCLUDE
forloop6.p4,PASS,FAIL
forloop7.p4,PASS,FAIL
forloop8.p4,EXCLUDE,EXCLUDE
forloop9.p4,EXCLUDE,EXCLUDE
free-form-annotation.p4,PASS,PASS
function.p4,PASS,PASS
functors.p4,PASS,PASS
functors1.p4,PASS,PASS
functors2.p4,PASS,FAIL
functors3.p4,PASS,FAIL
functors4.p4,PASS,PASS
functors5.p4,PASS,FAIL
functors6.p4,EXCLUDE,EXCLUDE
functors7.p4,EXCLUDE,EXCLUDE
functors8.p4,EXCLUDE,EXCLUDE
functors9.p4,EXCLUDE,EXCLUDE
fwd-bmv2-psa.p4,PASS,PASS
gauntlet_action_mux-bmv2.p4,PASS,PASS
gauntlet_action_return-bmv2.p4,PASS,PASS
gauntlet_arithref_cast-bmv2.p4,PASS,PASS
gauntlet_bounded_loop.p4,PASS,FAIL
gauntlet_complex_initialization-bmv2.p4,PASS,PASS
gauntlet_copy_out-bmv2.p4,PASS,PASS
gauntlet_ctrl_plane_hdr.p4,PASS,PASS
gauntlet_enum_assign-bmv2.p4,PASS,PASS
gauntlet_exit_after_valid-bmv2.p4,PASS,PASS
gauntlet_exit_combination_1-bmv2.p4,PASS,PASS
gauntlet_exit_combination_10-bmv2.p4,PASS,PASS
gauntlet_exit_combination_11-bmv2.p4,PASS,PASS
gauntlet_exit_combination_12.p4,PASS,PASS
gauntlet_exit_combination_13-bmv2.p4,PASS,PASS
gauntlet_exit_combination_14-bmv2.p4,PASS,PASS
gauntlet_exit_combination_15-bmv2.p4,PASS,PASS
gauntlet_exit_combination_16-bmv2.p4,PASS,PASS
gauntlet_exit_combination_17-bmv2.p4,PASS,PASS
gauntlet_exit_combination_18-bmv2.p4,PASS,PASS
gauntlet_exit_combination_19-bmv2.p4,PASS,PASS
gauntlet_exit_combination_2-bmv2.p4,PASS,PASS
gauntlet_exit_combination_20-bmv2.p4,PASS,PASS
gauntlet_exit_combination_21-bmv2.p4,PASS,PASS
gauntlet_exit_combination_22-bmv2.p4,PASS,PASS
gauntlet_exit_combination_23-bmv2.p4,PASS,PASS
gauntlet_exit_combination_3-bmv2.p4,PASS,PASS
gauntlet_exit_combination_4-bmv2.p4,PASS,PASS
gauntlet_exit_combination_5-bmv2.p4,PASS,PASS
gauntlet_exit_combination_6-bmv2.p4,PASS,PASS
gauntlet_exit_combination_7-bmv2.p4,PASS,PASS
gauntlet_exit_combination_8-bmv2.p4,PASS,PASS
gauntlet_exit_combination_9-bmv2.p4,PASS,PASS
gauntlet_extern_arguments_1.p4,PASS,PASS
gauntlet_extern_arguments_2.p4,PASS,PASS
gauntlet_extern_arguments_3.p4,PASS,PASS
gauntlet_function_if_hdr_return-bmv2.p4,PASS,PASS
gauntlet_function_return-bmv2.p4,PASS,PASS
gauntlet_function_return_cast-bmv2.p4,PASS,PASS
gauntlet_hdr_assign_1-bmv2.p4,PASS,PASS
gauntlet_hdr_assign_2-bmv2.p4,PASS,PASS
gauntlet_hdr_function_cast-bmv2.p4,PASS,PASS
gauntlet_hdr_in_value-bmv2.p4,PASS,PASS
gauntlet_hdr_init-bmv2.p4,PASS,PASS
gauntlet_hdr_int_initializer-bmv2.p4,PASS,PASS
gauntlet_hdr_out_in_action-bmv2.p4,PASS,PASS
gauntlet_hdr_set_valid-bmv2.p4,PASS,PASS
gauntlet_index_1-bmv2.p4,PASS,PASS
gauntlet_index_2-bmv2.p4,PASS,PASS
gauntlet_index_4-bmv2.p4,PASS,PASS
gauntlet_index_5-bmv2.p4,PASS,PASS
gauntlet_index_6-bmv2.p4,PASS,PASS
gauntlet_index_7-bmv2.p4,PASS,PASS
gauntlet_index_8-bmv2.p4,PASS,PASS
gauntlet_index_9-bmv2.p4,PASS,PASS
gauntlet_indirect_hdr_assign_1-bmv2.p4,PASS,PASS
gauntlet_indirect_hdr_assign_2-bmv2.p4,PASS,PASS
gauntlet_infinite_loop.p4,PASS,PASS
gauntlet_inout_slice_table_key-bmv2.p4,PASS,PASS
gauntlet_instance_overwrite-bmv2.p4,PASS,PASS
gauntlet_int_casting-bmv2.p4,PASS,PASS
gauntlet_int_slice-bmv2.p4,PASS,PASS
gauntlet_invalid_hdr_assign-bmv2.p4,PASS,PASS
gauntlet_invalid_hdr_short_circuit-bmv2.p4,PASS,PASS
gauntlet_list_as_in_argument-bmv2.p4,PASS,PASS
gauntlet_lookahead_expansion-bmv2.p4,PASS,PASS
gauntlet_mux_eval-bmv2.p4,PASS,PASS
gauntlet_mux_hdr-bmv2.p4,PASS,PASS
gauntlet_mux_typecasting-bmv2.p4,PASS,FAIL
gauntlet_mux_validity-bmv2.p4,PASS,PASS
gauntlet_nested_ifs_in_function-bmv2.p4,PASS,PASS
gauntlet_nested_slice-bmv2.p4,PASS,PASS
gauntlet_nested_switch-bmv2.p4,PASS,PASS
gauntlet_nested_table_calls-bmv2.p4,PASS,PASS
gauntlet_optional-bmv2.p4,PASS,PASS
gauntlet_parser_test_1.p4,PASS,FAIL
gauntlet_parser_test_2.p4,PASS,PASS
gauntlet_parser_test_3.p4,PASS,FAIL
gauntlet_parser_test_4.p4,PASS,FAIL
gauntlet_return_truncate-bmv2.p4,PASS,PASS
gauntlet_set_invalid-bmv2.p4,PASS,PASS
gauntlet_set_valid_in_function-bmv2.p4,PASS,PASS
gauntlet_short_circuit-bmv2.p4,PASS,PASS
gauntlet_side_effect_order_1-bmv2.p4,PASS,PASS
gauntlet_side_effect_order_2-bmv2.p4,PASS,PASS
gauntlet_side_effect_order_3-bmv2.p4,PASS,PASS
gauntlet_side_effect_order_4-bmv2.p4,PASS,PASS
gauntlet_side_effect_order_5-bmv2.p4,PASS,PASS
gauntlet_side_effects_in_mux-bmv2.p4,PASS,PASS
gauntlet_switch_exclusivity-bmv2.p4,PASS,PASS
gauntlet_switch_nested_table_apply-bmv2.p4,PASS,PASS
gauntlet_switch_shadowing-bmv2.p4,PASS,PASS
gauntlet_table_call_in_expression-bmv2.p4,PASS,PASS
gauntlet_typedef_cast-bmv2.p4,PASS,PASS
gauntlet_uninitialized_bool_struct-bmv2.p4,PASS,PASS
gauntlet_variable_shadowing-bmv2.p4,PASS,PASS
gauntlet_various_ops-bmv2.p4,EXCLUDE,EXCLUDE
generic-struct-tuple.p4,PASS,FAIL
generic-struct.p4,PASS,FAIL
generic.p4,EXCLUDE,EXCLUDE
generic1.p4,EXCLUDE,EXCLUDE
global-action.p4,PASS,PASS
global-action1.p4,PASS,PASS
global_action_after_exit.p4,PASS,PASS
graph-annotationless-key.p4,PASS,PASS
hash-bmv2.p4,PASS,PASS
hash-extern-bmv2.p4,PASS,PASS
hash_ubpf.p4,PASS,PASS
hashext.p4,EXCLUDE,EXCLUDE
hashext2.p4,PASS,PASS
hashext3.p4,EXCLUDE,EXCLUDE
hashing-non-tuple-bmv2.p4,PASS,PASS
hdr_stacks2345.p4,PASS,PASS
header-bmv2.p4,PASS,PASS
header-bool-bmv2.p4,PASS,PASS
header-stack-ops-bmv2.p4,PASS,PASS
header.p4,PASS,PASS
highorder.p4,PASS,PASS
hit-expr-bmv2.p4,PASS,PASS
hit_ebpf.p4,PASS,PASS
index.p4,PASS,PASS
init-entries-bmv2.p4,PASS,FAIL
init_ebpf.p4,PASS,PASS
initializer.p4,PASS,PASS
initializers.p4,PASS,PASS
inline-action.p4,PASS,PASS
inline-bmv2.p4,PASS,PASS
inline-control.p4,PASS,PASS
inline-control1.p4,PASS,PASS
inline-function.p4,PASS,PASS
inline-function2.p4,PASS,PASS
inline-function3.p4,PASS,PASS
inline-parser.p4,PASS,PASS
inline-stack-bmv2.p4,PASS,PASS
inline-switch.p4,PASS,PASS
inline.p4,PASS,PASS
intType.p4,PASS,PASS
interface.p4,PASS,PASS
interface1.p4,PASS,PASS
interface2.p4,PASS,PASS
internet_checksum1-bmv2.p4,PASS,PASS
intrinsic-bmv2.p4,PASS,PASS
invalid-hdr-warnings1.p4,PASS,FAIL
invalid-hdr-warnings2.p4,PASS,PASS
invalid-hdr-warnings3-bmv2.p4,PASS,FAIL
invalid-hdr-warnings4.p4,PASS,PASS
invalid-hdr-warnings5.p4,PASS,PASS
invalid-hdr-warnings6.p4,PASS,PASS
invalid-hdr-warnings7.p4,PASS,PASS
invalid-hdr-warnings8.p4,PASS,PASS
invalid-header.p4,PASS,FAIL
invalid-union.p4,PASS,FAIL
inverted-range.p4,PASS,PASS
ipv4-actions_ubpf.p4,PASS,PASS
ipv6-actions_ubpf.p4,PASS,PASS
ipv6-switch-ml-bmv2.p4,PASS,PASS
issue-2123-2-bmv2.p4,PASS,PASS
issue-2123-3-bmv2.p4,PASS,PASS
issue-2123.p4,PASS,PASS
issue-3312-graph-bmv2.p4,PASS,PASS
issue-4969-bmv2.p4,PASS,PASS
issue1000-bmv2.p4,PASS,PASS
issue1001-1-bmv2.p4,PASS,PASS
issue1001-bmv2.p4,PASS,PASS
issue1006.p4,PASS,PASS
issue1025-bmv2.p4,PASS,PASS
issue1043-bmv2.p4,PASS,PASS
issue1049-bmv2.p4,PASS,PASS
issue1062-1-bmv2.p4,PASS,PASS
issue1062-bmv2.p4,PASS,PASS
issue1079-bmv2.p4,PASS,PASS
issue1097-2-bmv2.p4,PASS,PASS
issue1097-bmv2.p4,PASS,PASS
issue1107.p4,PASS,PASS
issue1127-bmv2.p4,PASS,PASS
issue1160.p4,PASS,PASS
issue1172.p4,PASS,PASS
issue1193-bmv2.p4,PASS,PASS
issue1205-bmv2.p4,PASS,PASS
issue1208-1.p4,PASS,PASS
issue1208.p4,PASS,PASS
issue1210.p4,PASS,PASS
issue1291-bmv2.p4,PASS,PASS
issue1301.p4,PASS,PASS
issue1304.p4,EXCLUDE,EXCLUDE
issue1325-bmv2.p4,PASS,PASS
issue1333.p4,PASS,PASS
issue1334.p4,EXCLUDE,EXCLUDE
issue134-bmv2.p4,PASS,PASS
issue1342.p4,PASS,PASS
issue1352-bmv2.p4,PASS,PASS
issue1386.p4,PASS,PASS
issue1406.p4,PASS,PASS
issue1409-bmv2.p4,PASS,PASS
issue1412-bmv2.p4,PASS,PASS
issue1452-1.p4,PASS,PASS
issue1452.p4,PASS,PASS
issue1466.p4,PASS,PASS
issue1470-bmv2.p4,PASS,PASS
issue1478-bmv2.p4,PASS,PASS
issue1517-bmv2.p4,PASS,PASS
issue1520-bmv2.p4,PASS,PASS
issue1524.p4,PASS,PASS
issue1535.p4,PASS,PASS
issue1538.p4,PASS,PASS
issue1540.p4,PASS,PASS
issue1541.p4,PASS,PASS
issue1544-1-bmv2.p4,PASS,PASS
issue1544-2-bmv2.p4,PASS,PASS
issue1544-2.p4,PASS,PASS
issue1544-bmv2.p4,PASS,PASS
issue1560-bmv2.p4,PASS,PASS
issue1566-bmv2.p4,PASS,PASS
issue1586.p4,PASS,PASS
issue1595-1.p4,PASS,PASS
issue1595.p4,PASS,PASS
issue1607-bmv2.p4,PASS,PASS
issue1630-bmv2.p4,PASS,PASS
issue1638.p4,PASS,PASS
issue1642-bmv2.p4,PASS,PASS
issue1653-bmv2.p4,PASS,PASS
issue1653-complex-bmv2.p4,PASS,PASS
issue1660-bmv2.p4,PASS,PASS
issue1670-bmv2.p4,PASS,PASS
issue1713-bmv2.p4,PASS,PASS
issue1717.p4,PASS,PASS
issue1724.p4,PASS,PASS
issue1739-bmv2.p4,PASS,PASS
issue1755-1-bmv2.p4,PASS,PASS
issue1755-bmv2.p4,PASS,PASS
issue1765-1-bmv2.p4,PASS,PASS
issue1765-bmv2.p4,PASS,PASS
issue1768-bmv2.p4,PASS,PASS
issue1781-bmv2.p4,PASS,PASS
issue1806.p4,PASS,PASS
issue1814-1-bmv2.p4,PASS,PASS
issue1814-bmv2.p4,PASS,PASS
issue1822.p4,PASS,PASS
issue1824-bmv2.p4,PASS,PASS
issue1829-4-bmv2.p4,PASS,PASS
issue1830.p4,PASS,PASS
issue1834-bmv2.p4,PASS,PASS
issue1863.p4,PASS,PASS
issue1876.p4,PASS,PASS
issue1879-bmv2.p4,EXCLUDE,EXCLUDE
issue1882-1-bmv2.p4,PASS,PASS
issue1882-bmv2.p4,PASS,PASS
issue1897-bmv2.p4,PASS,PASS
issue1914-1.p4,EXCLUDE,EXCLUDE
issue1914.p4,EXCLUDE,EXCLUDE
issue1937-1-bmv2.p4,PASS,PASS
issue1937-2-bmv2.p4,PASS,PASS
issue1937-3-bmv2.p4,PASS,PASS
issue1937.p4,PASS,PASS
issue1955.p4,PASS,PASS
issue1958.p4,PASS,PASS
issue1985.p4,PASS,PASS
issue1989-bmv2.p4,PASS,PASS
issue1997.p4,PASS,PASS
issue2019-1.p4,EXCLUDE,EXCLUDE
issue2019.p4,EXCLUDE,EXCLUDE
issue2036-3.p4,PASS,PASS
issue2037.p4,EXCLUDE,EXCLUDE
issue2044-bmv2.p4,PASS,PASS
issue2090.p4,PASS,PASS
issue210.p4,PASS,PASS
issue2102.p4,PASS,PASS
issue2104-1.p4,PASS,PASS
issue2104.p4,PASS,PASS
issue2105.p4,EXCLUDE,EXCLUDE
issue2126.p4,PASS,PASS
issue2127.p4,PASS,PASS
issue2147-1.p4,PASS,PASS
issue2147-bmv2.p4,PASS,PASS
issue2147.p4,PASS,PASS
issue2148.p4,PASS,PASS
issue2151.p4,PASS,PASS
issue2153-bmv2.p4,PASS,PASS
issue2155.p4,PASS,PASS
issue2170-bmv2.p4,PASS,PASS
issue2175-1.p4,PASS,FAIL
issue2175-2.p4,PASS,FAIL
issue2175-3.p4,PASS,FAIL
issue2175-4.p4,PASS,FAIL
issue2175-5.p4,PASS,FAIL
issue2175-6.p4,PASS,PASS
issue2175.p4,PASS,PASS
issue2176-bmv2.p4,PASS,PASS
issue2190.p4,EXCLUDE,EXCLUDE
issue2201-bmv2.p4,PASS,PASS
issue2205-1-bmv2.p4,PASS,PASS
issue2205-bmv2.p4,PASS,PASS
issue2208.p4,PASS,PASS
issue2213-1.p4,PASS,PASS
issue2213-bmv2.p4,PASS,PASS
issue2213.p4,PASS,PASS
issue2221-bmv2.p4,PASS,PASS
issue2225-bmv2.p4,PASS,PASS
issue2248.p4,PASS,PASS
issue2258-bmv2.p4,PASS,FAIL
issue2260-2.p4,PASS,PASS
issue2261.p4,PASS,PASS
issue2265-1.p4,PASS,PASS
issue2265.p4,EXCLUDE,EXCLUDE
issue2266.p4,PASS,PASS
issue2273-1.p4,EXCLUDE,EXCLUDE
issue2273.p4,PASS,FAIL
issue2279.p4,PASS,PASS
issue2279_1.p4,PASS,PASS
issue2279_2.p4,PASS,PASS
issue2279_3.p4,PASS,PASS
issue2279_4.p4,EXCLUDE,EXCLUDE
issue2283_1-bmv2.p4,PASS,PASS
issue2287-bmv2.p4,EXCLUDE,EXCLUDE
issue2288-1.p4,PASS,PASS
issue2288-2.p4,PASS,PASS
issue2288.p4,PASS,PASS
issue2289.p4,PASS,PASS
issue2291-bmv2.p4,PASS,PASS
issue2303.p4,PASS,PASS
issue2314.p4,PASS,PASS
issue232-bmv2.p4,PASS,PASS
issue2321.p4,PASS,PASS
issue2330-1.p4,PASS,PASS
issue2330.p4,PASS,PASS
issue2335-1.p4,PASS,PASS
issue2342.p4,PASS,PASS
issue2343-bmv2.p4,PASS,PASS
issue2344.p4,PASS,PASS
issue2345-1.p4,PASS,PASS
issue2345-2.p4,PASS,PASS
issue2345-multiple_dependencies.p4,PASS,PASS
issue2345-with_nested_if.p4,PASS,PASS
issue2345.p4,PASS,PASS
issue2355.p4,PASS,PASS
issue2356.p4,PASS,PASS
issue2359.p4,PASS,PASS
issue2362-bmv2.p4,PASS,FAIL
issue2375-1-bmv2.p4,PASS,PASS
issue2375-bmv2.p4,PASS,PASS
issue2383-bmv2.p4,PASS,PASS
issue2391.p4,PASS,FAIL
issue2392-bmv2.p4,PASS,PASS
issue2393.p4,PASS,PASS
issue2409.p4,PASS,FAIL
issue242.p4,PASS,PASS
issue2444.p4,EXCLUDE,EXCLUDE
issue2445.p4,PASS,PASS
issue2465-bmv2.p4,PASS,PASS
issue2480.p4,PASS,PASS
issue2485.p4,PASS,PASS
issue2487.p4,PASS,PASS
issue2488-bmv2.p4,PASS,PASS
issue249.p4,PASS,PASS
issue2492.p4,EXCLUDE,EXCLUDE
issue2495-bmv2.p4,PASS,PASS
issue2498-bmv2.p4,PASS,PASS
issue2514.p4,PASS,FAIL
issue2542.p4,PASS,FAIL
issue2543-1.p4,PASS,PASS
issue2543-2.p4,PASS,PASS
issue2544_shadowing2.p4,PASS,PASS
issue2546-1.p4,PASS,FAIL
issue2546-2.p4,PASS,FAIL
issue2546.p4,PASS,FAIL
issue2583_simplify_slice.p4,PASS,PASS
issue2583_simplify_slice2.p4,PASS,PASS
issue2585.p4,PASS,PASS
issue2599.p4,PASS,PASS
issue2614-bmv2.p4,PASS,PASS
issue2617.p4,PASS,FAIL
issue2627.p4,PASS,FAIL
issue2630.p4,EXCLUDE,EXCLUDE
issue2635.p4,PASS,FAIL
issue2648.p4,PASS,PASS
issue2657-bmv2.p4,PASS,PASS
issue2664-bmv2.p4,PASS,PASS
issue270-bmv2.p4,PASS,PASS
issue2710.p4,PASS,PASS
issue272-1-bmv2.p4,PASS,PASS
issue272-2-bmv2.p4,PASS,PASS
issue2726-bmv2.p4,PASS,FAIL
issue2735-bmv2.p4,PASS,FAIL
issue2735.p4,PASS,FAIL
issue2791_ebpf.p4,PASS,PASS
issue2793_ebpf.p4,PASS,PASS
issue2795.p4,PASS,PASS
issue2797_ebpf.p4,PASS,PASS
issue2800a.p4,PASS,PASS
issue2800b.p4,PASS,PASS
issue2800c.p4,PASS,PASS
issue2800d.p4,PASS,PASS
issue281.p4,PASS,PASS
issue2810.p4,EXCLUDE,EXCLUDE
issue2816-1_ebpf.p4,PASS,PASS
issue2816_ebpf.p4,PASS,PASS
issue2844-enum.p4,PASS,FAIL
issue2890.p4,PASS,PASS
issue2900.p4,PASS,PASS
issue2904.p4,PASS,PASS
issue2905-bmv2.p4,PASS,PASS
issue2905.p4,PASS,PASS
issue2956.p4,PASS,PASS
issue2957.p4,PASS,PASS
issue2958.p4,PASS,PASS
issue297-bmv2.p4,PASS,PASS
issue298-bmv2.p4,PASS,PASS
issue2982.p4,PASS,PASS
issue3001-1.p4,PASS,PASS
issue3001.p4,PASS,PASS
issue304-1.p4,PASS,FAIL
issue304.p4,PASS,PASS
issue3051.p4,EXCLUDE,EXCLUDE
issue3056.p4,PASS,FAIL
issue3057-2.p4,PASS,PASS
issue3091-1.p4,EXCLUDE,EXCLUDE
issue3091.p4,EXCLUDE,EXCLUDE
issue3118-bmv2.p4,PASS,PASS
issue313_1.p4,PASS,PASS
issue313_2.p4,PASS,PASS
issue313_3.p4,PASS,PASS
issue314.p4,PASS,PASS
issue3178.p4,PASS,FAIL
issue3197.p4,PASS,PASS
issue3203.p4,PASS,FAIL
issue3204.p4,PASS,FAIL
issue3219.p4,PASS,FAIL
issue3225.p4,PASS,PASS
issue323.p4,PASS,PASS
issue3238.p4,EXCLUDE,EXCLUDE
issue3246-1.p4,PASS,PASS
issue3274-1.p4,PASS,PASS
issue3274-2.p4,PASS,FAIL
issue3274.p4,PASS,FAIL
issue3283.p4,EXCLUDE,EXCLUDE
issue3287.p4,PASS,FAIL
issue3288.p4,PASS,FAIL
issue3289.p4,PASS,PASS
issue3291-1.p4,EXCLUDE,EXCLUDE
issue3292.p4,PASS,FAIL
issue3307.p4,PASS,FAIL
issue3324.p4,PASS,PASS
issue3329-bmv2.p4,PASS,PASS
issue3333.p4,PASS,FAIL
issue3343.p4,PASS,PASS
issue3364.p4,PASS,FAIL
issue3374.p4,PASS,FAIL
issue3379-1.p4,EXCLUDE,EXCLUDE
issue3379.p4,EXCLUDE,EXCLUDE
issue3394.p4,PASS,PASS
issue3417.p4,EXCLUDE,EXCLUDE
issue344.p4,EXCLUDE,EXCLUDE
issue3483_ubpf.p4,PASS,PASS
issue3486.p4,PASS,FAIL
issue3488-1-bmv2.p4,PASS,PASS
issue3488-bmv2.p4,PASS,PASS
issue3531.p4,PASS,FAIL
issue355-bmv2.p4,PASS,PASS
issue3550.p4,PASS,PASS
issue356-bmv2.p4,PASS,PASS
issue361-bmv2.p4,PASS,PASS
issue3616.p4,PASS,FAIL
issue3619-1.p4,PASS,FAIL
issue3619.p4,PASS,FAIL
issue3623-1.p4,PASS,FAIL
issue3623.p4,PASS,FAIL
issue3635.p4,PASS,FAIL
issue364-bmv2.p4,PASS,PASS
issue3650.p4,PASS,FAIL
issue3671-1.p4,PASS,PASS
issue3671.p4,EXCLUDE,EXCLUDE
issue3672.p4,PASS,PASS
issue3699.p4,EXCLUDE,EXCLUDE
issue3702-bmv2.p4,PASS,PASS
issue3779.p4,PASS,FAIL
issue3806.p4,PASS,PASS
issue383-bmv2.p4,PASS,PASS
issue3884-1.p4,PASS,FAIL
issue3884.p4,PASS,FAIL
issue396.p4,PASS,PASS
issue4057.p4,EXCLUDE,EXCLUDE
issue407-2.p4,PASS,PASS
issue407-3.p4,PASS,PASS
issue4133.p4,PASS,PASS
issue414-bmv2.p4,PASS,PASS
issue4143.p4,PASS,FAIL
issue420.p4,PASS,PASS
issue422.p4,PASS,PASS
issue4288.p4,PASS,PASS
issue430-1-bmv2.p4,PASS,PASS
issue430-bmv2.p4,PASS,PASS
issue4365_wdisable_precedence_over_werror.p4,PASS,PASS
issue4365_wdisable_precedence_over_werror_control.p4,PASS,PASS
issue447-1-bmv2.p4,PASS,PASS
issue447-2-bmv2.p4,PASS,PASS
issue447-3-bmv2.p4,PASS,PASS
issue447-4-bmv2.p4,PASS,PASS
issue447-5-bmv2.p4,PASS,PASS
issue447-bmv2.p4,PASS,PASS
issue4500.p4,PASS,FAIL
issue4507_1.p4,PASS,PASS
issue4507_2.p4,PASS,PASS
issue4548.p4,PASS,PASS
issue461-bmv2.p4,PASS,PASS
issue4625_remove_compile_time_bool_methodcall_of_mcs.p4,PASS,FAIL
issue4625_remove_compile_time_const_methodcall_of_mcs.p4,PASS,PASS
issue4656_const_fold_generic_switch_label_expr.p4,PASS,FAIL
issue4656_fold_bit_width_const_mux_expr.p4,PASS,FAIL
issue4661_non_pure_extern_function_const_args.p4,PASS,FAIL
issue4661_pure_extern_function_const_args.p4,PASS,FAIL
issue47.p4,PASS,PASS
issue4739.p4,PASS,FAIL
issue4760_dontcare_action_out_arg.p4,PASS,PASS
issue4775-2.p4,PASS,PASS
issue4775.p4,PASS,PASS
issue4796.p4,PASS,PASS
issue4835-generic-struct.p4,PASS,FAIL
issue486-bmv2.p4,PASS,PASS
issue4883_dup_has_returned_decl.p4,PASS,PASS
issue4883_dup_has_returned_decl2.p4,PASS,PASS
issue4901_new_start_with_no_start_loopback.p4,PASS,PASS
issue4901_new_start_with_start_state_loopback.p4,PASS,PASS
issue4901_new_start_with_start_state_loopback2.p4,PASS,PASS
issue4932.p4,EXCLUDE,EXCLUDE
issue496.p4,PASS,PASS
issue5035.p4,PASS,PASS
issue510-bmv2.p4,PASS,PASS
issue512.p4,PASS,PASS
issue5211_simplify_parsers_dup_state_local_var_decl.p4,PASS,PASS
issue5231-const-int-concat.p4,PASS,FAIL
issue5237-folding-unused-const.p4,PASS,PASS
issue5237-folding-unused-minsizeinbits.p4,PASS,PASS
issue529.p4,PASS,PASS
issue5331-explicit-cast-overflow-mismatch-warning.p4,PASS,PASS
issue5331-explicit-cast-overflow-mismatch-warning2.p4,PASS,PASS
issue5331-explicit-cast-overflow-mismatch-warning3.p4,PASS,PASS
issue5331_srcinfo.p4,PASS,PASS
issue5335_default_initialized_non_header_stack.p4,EXCLUDE,EXCLUDE
issue5335_default_initialized_non_header_stack_nested.p4,EXCLUDE,EXCLUDE
issue561-1-bmv2.p4,PASS,PASS
issue561-2-bmv2.p4,PASS,PASS
issue561-3-bmv2.p4,PASS,PASS
issue561-4-bmv2.p4,PASS,PASS
issue561-5-bmv2.p4,PASS,PASS
issue561-6-bmv2.p4,PASS,PASS
issue561-7-bmv2.p4,PASS,PASS
issue561-bmv2.p4,PASS,PASS
issue561.p4,PASS,PASS
issue562-bmv2.p4,PASS,PASS
issue584-1-bmv2.p4,PASS,PASS
issue635-bmv2.p4,PASS,PASS
issue638-1.p4,PASS,PASS
issue648.p4,PASS,PASS
issue655-bmv2.p4,PASS,PASS
issue677-bmv2.p4,PASS,PASS
issue692-bmv2.p4,PASS,PASS
issue696-bmv2.p4,PASS,PASS
issue737-bmv2.p4,PASS,PASS
issue754.p4,PASS,PASS
issue774-4-bmv2.p4,PASS,PASS
issue774.p4,PASS,PASS
issue793.p4,PASS,PASS
issue794.p4,PASS,PASS
issue803-2.p4,PASS,PASS
issue803-3.p4,PASS,PASS
issue803.p4,PASS,PASS
issue822.p4,PASS,PASS
issue823.p4,PASS,PASS
issue841.p4,PASS,PASS
issue870_ebpf.p4,PASS,PASS
issue871.p4,PASS,PASS
issue887.p4,PASS,PASS
issue891-bmv2.p4,PASS,PASS
issue907-bmv2.p4,PASS,PASS
issue914-bmv2.p4,PASS,PASS
issue933-1.p4,PASS,PASS
issue933.p4,PASS,PASS
issue940.p4,PASS,PASS
issue949.p4,PASS,PASS
issue951.p4,PASS,PASS
issue955.p4,PASS,PASS
issue982.p4,PASS,PASS
issue983-bmv2.p4,PASS,PASS
issue986-1-bmv2.p4,PASS,PASS
issue986-bmv2.p4,PASS,PASS
issue995-bmv2.p4,PASS,PASS
junk-prop-bmv2.p4,PASS,PASS
key-bmv2.p4,PASS,PASS
key-issue-1020_ebpf.p4,PASS,PASS
key1-bmv2.p4,PASS,PASS
key_after_exit.p4,PASS,FAIL
key_ebpf.p4,PASS,PASS
kvanno.p4,PASS,PASS
large.p4,PASS,PASS
length_ebpf.p4,PASS,PASS
line.p4,PASS,PASS
list-compare.p4,PASS,PASS
list.p4,PASS,FAIL
list1.p4,PASS,FAIL
list2.p4,PASS,FAIL
list3.p4,EXCLUDE,EXCLUDE
list4.p4,EXCLUDE,EXCLUDE
list5.p4,PASS,FAIL
list6.p4,PASS,FAIL
list7.p4,PASS,PASS
list8.p4,PASS,FAIL
list9.p4,PASS,FAIL
lj_example.p4,PASS,PASS
localize_action_dont_care_args.p4,PASS,PASS
logging-bmv2.p4,PASS,PASS
lookahead_ubpf.p4,PASS,PASS
loop-3-clause-tricky2.p4,PASS,FAIL
lpm_ebpf.p4,PASS,PASS
lpm_ubpf.p4,PASS,PASS
lvalue-parens.p4,PASS,FAIL
m_psa-dpdk-non-zero-arg-default-action-08.p4,PASS,PASS
mask.p4,PASS,PASS
match-on-exprs-bmv2.p4,PASS,PASS
match-on-exprs2-bmv2.p4,PASS,PASS
match.p4,PASS,PASS
metadata_ubpf.p4,PASS,PASS
methodArgCast.p4,PASS,PASS
methodArgs.p4,PASS,PASS
metrics_test_1.p4,PASS,PASS
metrics_test_2.p4,PASS,FAIL
metrics_test_3.p4,PASS,PASS
metrics_test_4.p4,EXCLUDE,EXCLUDE
metrics_test_5.p4,PASS,PASS
metrics_test_6.p4,PASS,PASS
metrics_test_7.p4,PASS,PASS
metrics_test_8.p4,PASS,PASS
minsize.p4,EXCLUDE,EXCLUDE
ml-headers.p4,PASS,PASS
module.p4,PASS,PASS
multicast-bmv2.p4,PASS,PASS
mux-bmv2.p4,PASS,PASS
name_annotations_to_p4info-bmv2.p4,PASS,PASS
named-arg.p4,PASS,PASS
named-arg1.p4,PASS,PASS
named_meter_1-bmv2.p4,PASS,PASS
named_meter_bmv2.p4,PASS,PASS
names.p4,PASS,PASS
nested-actions-with-return-exit1.p4,PASS,PASS
nested-struct.p4,PASS,PASS
nested-tuple.p4,PASS,PASS
nested-tuple1.p4,PASS,PASS
nested_if_else.p4,PASS,PASS
nested_if_lvalue_dependencies.p4,PASS,PASS
nested_if_statement.p4,PASS,PASS
nested_select.p4,PASS,PASS
newtype.p4,PASS,PASS
newtype1.p4,PASS,PASS
newtype2.p4,PASS,PASS
next-def-use.p4,PASS,PASS
noMatch.p4,PASS,PASS
nonstandard_table_names-bmv2.p4,PASS,PASS
octal.p4,PASS,PASS
op_bin.p4,PASS,FAIL
opassign1-bmv2.p4,EXCLUDE,EXCLUDE
opassign1.p4,EXCLUDE,EXCLUDE
opassign2-bmv2.p4,EXCLUDE,EXCLUDE
overwrite.p4,PASS,PASS
p416-type-use3.p4,PASS,PASS
p4rt_digest_complex.p4,PASS,FAIL
package.p4,PASS,PASS
parenthesis-test_ubpf.p4,PASS,PASS
parse.p4,PASS,PASS
parser-arg.p4,PASS,PASS
parser-conditional.p4,PASS,PASS
parser-if.p4,PASS,FAIL
parser-inline-test1.p4,PASS,PASS
parser-inline-test10.p4,PASS,PASS
parser-inline-test11.p4,PASS,PASS
parser-inline-test12.p4,PASS,PASS
parser-inline-test13.p4,PASS,PASS
parser-inline-test2.p4,PASS,PASS
parser-inline-test3.p4,PASS,PASS
parser-inline-test4.p4,PASS,PASS
parser-inline-test5.p4,PASS,PASS
parser-inline-test6.p4,PASS,PASS
parser-inline-test7.p4,PASS,PASS
parser-inline-test8.p4,PASS,PASS
parser-inline-test9.p4,PASS,PASS
parser-locals.p4,PASS,PASS
parser-locals2.p4,PASS,PASS
parser-pragma.p4,PASS,PASS
parser-unroll-issue3537-1.p4,PASS,PASS
parser-unroll-issue3537.p4,PASS,PASS
parser-unroll-issue4006_twice_extracted_header.p4,PASS,PASS
parser-unroll-t1-cond.p4,PASS,PASS
parser-unroll-test1.p4,PASS,FAIL
parser-unroll-test10.p4,PASS,PASS
parser-unroll-test2.p4,PASS,PASS
parser-unroll-test3.p4,PASS,PASS
parser-unroll-test4.p4,PASS,PASS
parser-unroll-test5.p4,PASS,PASS
parser-unroll-test6.p4,PASS,PASS
parser-unroll-test7.p4,PASS,PASS
parser-unroll-test8.p4,PASS,PASS
parser-unroll-test9.p4,PASS,PASS
parser-unroll-uninitialized-slice-read.p4,PASS,PASS
parser-unroll-uninitialized-slice-write.p4,PASS,PASS
parser_error-bmv2.p4,PASS,PASS
pins_fabric.p4,EXCLUDE,EXCLUDE
pins_middleblock.p4,EXCLUDE,EXCLUDE
pins_wbb.p4,EXCLUDE,EXCLUDE
pipe.p4,EXCLUDE,EXCLUDE
pipeline.p4,PASS,PASS
pkginfo_annotation.p4,PASS,PASS
pna-action-selector-1.p4,PASS,PASS
pna-action-selector.p4,PASS,PASS
pna-add-on-miss.p4,PASS,PASS
pna-add_on_miss_action_name.p4,PASS,PASS
pna-direction-main-parser-err.p4,PASS,FAIL
pna-direction.p4,PASS,PASS
pna-dpdk-add_on_miss0.p4,PASS,PASS
pna-dpdk-add_on_miss1.p4,PASS,PASS
pna-dpdk-bvec_union.p4,PASS,PASS
pna-dpdk-direct-counter-learner.p4,PASS,PASS
pna-dpdk-direct-counter.p4,PASS,PASS
pna-dpdk-direct-meter-learner.p4,PASS,PASS
pna-dpdk-flatten-local-struct-decl.p4,PASS,PASS
pna-dpdk-header-stack-assignment.p4,PASS,FAIL
pna-dpdk-header-union-stack.p4,PASS,PASS
pna-dpdk-header-union-stack1.p4,PASS,PASS
pna-dpdk-header-union-stack2.p4,PASS,PASS
pna-dpdk-invalid-hdr-warnings5.p4,PASS,PASS
pna-dpdk-invalid-hdr-warnings6.p4,PASS,PASS
pna-dpdk-large-constants.p4,PASS,PASS
pna-dpdk-parser-state-err.p4,PASS,PASS
pna-dpdk-parser-wrong-arith.p4,PASS,PASS
pna-dpdk-small_sample.p4,PASS,PASS
pna-dpdk-table-key-consolidation-learner-1.p4,PASS,PASS
pna-dpdk-table-key-consolidation-learner-3.p4,PASS,PASS
pna-dpdk-table-key-consolidation-learner-4.p4,PASS,PASS
pna-dpdk-table-key-consolidation-learner-5.p4,PASS,PASS
pna-dpdk-table-key-consolidation-learner-6.p4,PASS,PASS
pna-dpdk-table-key-consolidation-learner-7.p4,PASS,PASS
pna-dpdk-table-key-use-annon.p4,PASS,PASS
pna-dpdk-toeplitz-hash-1.p4,PASS,PASS
pna-dpdk-toeplitz-hash.p4,PASS,PASS
pna-dpdk-union-bmv2.p4,PASS,PASS
pna-dpdk-wrong-warning.p4,PASS,PASS
pna-dpdk_128bit_odd_size.p4,PASS,PASS
pna-elim-hdr-copy-dpdk.p4,PASS,PASS
pna-example-SelectByDirection.p4,PASS,PASS
pna-example-SelectByDirection1.p4,PASS,PASS
pna-example-SelectByDirection2.p4,PASS,PASS
pna-example-bAnd-in-tableKey.p4,PASS,PASS
pna-example-dpdk-optional.p4,PASS,PASS
pna-example-dpdk-varbit-1.p4,PASS,PASS
pna-example-dpdk-varbit.p4,PASS,PASS
pna-example-header-union.p4,PASS,PASS
pna-example-header-union1.p4,PASS,PASS
pna-example-ipsec.p4,PASS,PASS
pna-example-mirror-packet-1.p4,PASS,PASS
pna-example-mirror-packet.p4,PASS,PASS
pna-example-pass-1.p4,PASS,PASS
pna-example-pass-2.p4,PASS,PASS
pna-example-pass-3.p4,PASS,PASS
pna-example-pass-parser.p4,PASS,FAIL
pna-example-pass.p4,PASS,PASS
pna-example-recirculate.p4,PASS,PASS
pna-example-tcp-connection-tracking.p4,PASS,PASS
pna-example-template.p4,PASS,PASS
pna-example-tunnel.p4,PASS,PASS
pna-example-varIndex-1.p4,PASS,PASS
pna-example-varIndex-2.p4,PASS,FAIL
pna-example-varIndex.p4,PASS,PASS
pna-extract-local-header.p4,PASS,PASS
pna-ipv6-actions.p4,PASS,PASS
pna-issue3041.p4,PASS,PASS
pna-lookahead-structure-bit-field.p4,PASS,PASS
pna-lookahead-structure.p4,PASS,PASS
pna-mux-dismantle.p4,PASS,PASS
pna-subparser.p4,PASS,PASS
pna-too-big-label-name-dpdk.p4,PASS,PASS
pr1363.p4,PASS,PASS
pragma-action.p4,PASS,PASS
pragma-deprecated.p4,PASS,PASS
pragma-pkginfo.p4,PASS,PASS
pragma-string.p4,PASS,PASS
pragmas.p4,PASS,PASS
precedence-lt.p4,PASS,PASS
precedence.p4,EXCLUDE,EXCLUDE
pred.p4,PASS,PASS
pred1.p4,PASS,PASS
pred2.p4,PASS,PASS
predication_issue.p4,PASS,PASS
predication_issue_1.p4,PASS,PASS
predication_issue_2.p4,PASS,PASS
predication_issue_3.p4,PASS,PASS
predication_issue_4.p4,PASS,PASS
proliferation1.p4,PASS,PASS
psa-action-profile1.p4,PASS,PASS
psa-action-profile3.p4,PASS,PASS
psa-action-profile4.p4,PASS,PASS
psa-action-selector1.p4,PASS,PASS
psa-action-selector2.p4,PASS,PASS
psa-action-selector3.p4,PASS,PASS
psa-action-selector4.p4,PASS,PASS
psa-action-selector5.p4,PASS,PASS
psa-action-selector6.p4,PASS,PASS
psa-basic-counter-bmv2.p4,PASS,PASS
psa-bool-ternary-const-entry-bmv2.p4,EXCLUDE,EXCLUDE
psa-conditional_operator.p4,PASS,PASS
psa-counter1.p4,PASS,PASS
psa-counter2.p4,PASS,PASS
psa-counter3.p4,PASS,PASS
psa-counter4.p4,PASS,PASS
psa-custom-type-counter-index.p4,PASS,PASS
psa-dpdk-128bitCast.p4,PASS,PASS
psa-dpdk-binary-operations-1.p4,EXCLUDE,EXCLUDE
psa-dpdk-binary-operations.p4,EXCLUDE,EXCLUDE
psa-dpdk-checksum-arg-header.p4,PASS,PASS
psa-dpdk-errorcode-1.p4,PASS,PASS
psa-dpdk-errorcode-2.p4,PASS,PASS
psa-dpdk-errorcode.p4,PASS,PASS
psa-dpdk-flatten-local-struct.p4,PASS,PASS
psa-dpdk-hdr-field-non-align.p4,PASS,PASS
psa-dpdk-header-union-typedef.p4,EXCLUDE,EXCLUDE
psa-dpdk-large-header-fields.p4,PASS,PASS
psa-dpdk-large-struct-fields.p4,PASS,PASS
psa-dpdk-lpm-match-err3.p4,PASS,PASS
psa-dpdk-lpm-match-err4.p4,PASS,PASS
psa-dpdk-lpm-match-err5.p4,PASS,PASS
psa-dpdk-lpm-match-valid.p4,PASS,PASS
psa-dpdk-non-zero-arg-default-action-01.p4,PASS,PASS
psa-dpdk-non-zero-arg-default-action-02.p4,PASS,PASS
psa-dpdk-non-zero-arg-default-action-03.p4,PASS,PASS
psa-dpdk-non-zero-arg-default-action-04.p4,PASS,PASS
psa-dpdk-non-zero-arg-default-action-05.p4,PASS,PASS
psa-dpdk-non-zero-arg-default-action-06.p4,PASS,PASS
psa-dpdk-non-zero-arg-default-action-07.p4,PASS,PASS
psa-dpdk-non-zero-arg-default-action-08.p4,PASS,PASS
psa-dpdk-non-zero-arg-default-action-09.p4,PASS,PASS
psa-dpdk-struct-field.p4,PASS,PASS
psa-dpdk-table-entries-exact-ternary.p4,PASS,FAIL
psa-dpdk-table-key-consolidation-if-1.p4,PASS,PASS
psa-dpdk-table-key-consolidation-if.p4,PASS,PASS
psa-dpdk-table-key-consolidation-mixed-keys-1.p4,PASS,PASS
psa-dpdk-table-key-consolidation-mixed-keys-10.p4,PASS,PASS
psa-dpdk-table-key-consolidation-mixed-keys-2.p4,PASS,PASS
psa-dpdk-table-key-consolidation-mixed-keys-3.p4,PASS,PASS
psa-dpdk-table-key-consolidation-mixed-keys-4.p4,PASS,PASS
psa-dpdk-table-key-consolidation-mixed-keys-5.p4,PASS,PASS
psa-dpdk-table-key-consolidation-mixed-keys-6.p4,PASS,PASS
psa-dpdk-table-key-consolidation-mixed-keys-7.p4,PASS,PASS
psa-dpdk-table-key-consolidation-mixed-keys-8.p4,PASS,PASS
psa-dpdk-table-key-consolidation-mixed-keys-9.p4,PASS,PASS
psa-dpdk-table-key-consolidation-mixed-keys.p4,PASS,PASS
psa-dpdk-table-key-consolidation-switch.p4,PASS,PASS
psa-dpdk-table-key-error-1.p4,PASS,PASS
psa-dpdk-table-key-error.p4,PASS,PASS
psa-dpdk-table-key-isValid1.p4,PASS,PASS
psa-dpdk-table-key-isValid2.p4,PASS,PASS
psa-dpdk-table-key-isValid3.p4,PASS,PASS
psa-dpdk-table-key-isValid4.p4,PASS,PASS
psa-dpdk-table-key-isValid5.p4,PASS,PASS
psa-dpdk-table-key-isValid6.p4,PASS,PASS
psa-dpdk-table-key-isValid7.p4,PASS,PASS
psa-dpdk-tmp-mask-align.p4,PASS,PASS
psa-dpdk-token-too-big.p4,PASS,PASS
psa-drop-all-bmv2.p4,PASS,PASS
psa-drop-all-corrected-bmv2.p4,PASS,PASS
psa-e2e-cloning-basic-bmv2.p4,PASS,PASS
psa-end-of-ingress-test-bmv2.p4,PASS,PASS
psa-example-counters-bmv2.p4,PASS,PASS
psa-example-digest-bmv2.p4,PASS,PASS
psa-example-dpdk-byte-alignment_1.p4,PASS,PASS
psa-example-dpdk-byte-alignment_2.p4,PASS,PASS
psa-example-dpdk-byte-alignment_3.p4,PASS,PASS
psa-example-dpdk-byte-alignment_4.p4,PASS,PASS
psa-example-dpdk-byte-alignment_5.p4,PASS,PASS
psa-example-dpdk-byte-alignment_6.p4,PASS,PASS
psa-example-dpdk-byte-alignment_7.p4,PASS,PASS
psa-example-dpdk-byte-alignment_8.p4,PASS,PASS
psa-example-dpdk-byte-alignment_9.p4,PASS,PASS
psa-example-dpdk-counter.p4,PASS,PASS
psa-example-dpdk-directmeter.p4,PASS,PASS
psa-example-dpdk-externs.p4,PASS,PASS
psa-example-dpdk-local-variable.p4,PASS,PASS
psa-example-dpdk-meter-execute-err.p4,PASS,PASS
psa-example-dpdk-meter.p4,PASS,PASS
psa-example-dpdk-meter1.p4,PASS,PASS
psa-example-dpdk-varbit-bmv2.p4,PASS,PASS
psa-example-incremental-checksum.p4,PASS,PASS
psa-example-logical-operations.p4,PASS,PASS
psa-example-mask-range.p4,PASS,PASS
psa-example-mask-range1.p4,PASS,PASS
psa-example-optional-match.p4,PASS,PASS
psa-example-parser-checksum.p4,PASS,PASS
psa-example-range-match.p4,PASS,PASS
psa-example-register2-bmv2.p4,PASS,PASS
psa-example-select_tuple-1.p4,PASS,PASS
psa-example-select_tuple-mask.p4,PASS,PASS
psa-example-select_tuple-wc.p4,PASS,PASS
psa-example-select_tuple.p4,PASS,PASS
psa-example-switch-with-constant-expr.p4,PASS,FAIL
psa-fwd-bmv2.p4,PASS,PASS
psa-hash-02.p4,PASS,PASS
psa-hash-03.p4,PASS,PASS
psa-hash-04.p4,PASS,PASS
psa-hash-05.p4,PASS,PASS
psa-hash-06.p4,PASS,PASS
psa-hash-07.p4,PASS,PASS
psa-hash-08.p4,PASS,PASS
psa-hash-09.p4,PASS,PASS
psa-hash-10.p4,PASS,PASS
psa-hash.p4,PASS,PASS
psa-header-stack.p4,PASS,PASS
psa-i2e-cloning-basic-bmv2.p4,PASS,PASS
psa-idle-timeout.p4,PASS,PASS
psa-isvalid.p4,PASS,PASS
psa-metadata-bmv2.p4,PASS,PASS
psa-meter1.p4,PASS,PASS
psa-meter3.p4,PASS,PASS
psa-meter4.p4,PASS,PASS
psa-meter5.p4,PASS,PASS
psa-meter7-bmv2.p4,PASS,PASS
psa-multicast-basic-2-bmv2.p4,PASS,PASS
psa-multicast-basic-bmv2.p4,PASS,PASS
psa-multicast-basic-corrected-bmv2.p4,PASS,PASS
psa-parser-error-test-bmv2.p4,PASS,PASS
psa-random.p4,PASS,PASS
psa-recirculate-no-meta-bmv2.p4,PASS,PASS
psa-register-complex-bmv2.p4,PASS,PASS
psa-register-read-write-2-bmv2.p4,PASS,PASS
psa-register-read-write-bmv2.p4,PASS,PASS
psa-register1.p4,PASS,PASS
psa-register2.p4,PASS,PASS
psa-register3.p4,PASS,PASS
psa-remove-header.p4,PASS,PASS
psa-resubmit-bmv2.p4,PASS,PASS
psa-subtract-inst1.p4,PASS,PASS
psa-switch-expression-without-default.p4,PASS,FAIL
psa-table-hit-miss.p4,PASS,PASS
psa-test.p4,PASS,PASS
psa-top-level-assignments-bmv2.p4,PASS,PASS
psa-unicast-or-drop-bmv2.p4,PASS,PASS
psa-unicast-or-drop-corrected-bmv2.p4,PASS,PASS
psa-variable-index.p4,PASS,FAIL
pvs-bitstring-bmv2.p4,PASS,PASS
pvs-nested-struct.p4,EXCLUDE,EXCLUDE
pvs-struct-1-bmv2.p4,EXCLUDE,EXCLUDE
pvs-struct-2-bmv2.p4,EXCLUDE,EXCLUDE
pvs-struct-3-bmv2.p4,EXCLUDE,EXCLUDE
pvs.p4,PASS,PASS
rcp.p4,PASS,PASS
rcp1.p4,PASS,PASS
redundant_parsers_dangling_unused_parser_decl.p4,PASS,PASS
register-serenum-bmv2.p4,PASS,PASS
reject.p4,PASS,PASS
runtime-index-2-bmv2.p4,PASS,PASS
runtime-index-bmv2.p4,PASS,PASS
same_name_for_table_and_action.p4,PASS,PASS
saturated-bmv2.p4,PASS,PASS
scalarmeta-bmv2.p4,PASS,PASS
select-struct.p4,PASS,PASS
select-type.p4,PASS,PASS
serEnumImplCast.p4,PASS,FAIL
serenum-expr.p4,PASS,PASS
serenum-int.p4,PASS,PASS
serenum.p4,PASS,PASS
shadow-after-use.p4,EXCLUDE,EXCLUDE
shadow.p4,PASS,PASS
shadow1.p4,PASS,PASS
shadow3.p4,EXCLUDE,EXCLUDE
shift-int-const.p4,PASS,PASS
shift_precendence.p4,PASS,PASS
side_effects.p4,PASS,PASS
simple-actions_ubpf.p4,PASS,PASS
simple-firewall_ubpf.p4,PASS,PASS
simplify.p4,PASS,PASS
simplify_method_calls.p4,PASS,PASS
simplify_slice.p4,PASS,PASS
slice-def-use.p4,PASS,PASS
slice-def-use1.p4,PASS,PASS
spec-ex01.p4,PASS,PASS
spec-ex03.p4,PASS,PASS
spec-ex04.p4,PASS,PASS
spec-ex06.p4,PASS,PASS
spec-ex08.p4,PASS,PASS
spec-ex09.p4,PASS,PASS
spec-ex10.p4,PASS,PASS
spec-ex12.p4,PASS,PASS
spec-ex13.p4,PASS,PASS
spec-ex14.p4,PASS,PASS
spec-ex15.p4,PASS,PASS
spec-ex16.p4,PASS,PASS
spec-ex17.p4,PASS,PASS
spec-ex18.p4,PASS,PASS
spec-ex19.p4,PASS,PASS
spec-ex20.p4,PASS,PASS
spec-ex22.p4,PASS,PASS
spec-ex25.p4,EXCLUDE,EXCLUDE
spec-ex27.p4,PASS,PASS
spec-ex29.p4,PASS,PASS
spec-ex30.p4,PASS,PASS
spec-ex31.p4,PASS,PASS
spec-ex34.p4,PASS,PASS
spec-issue1060.p4,PASS,PASS
spec-issue1068.p4,EXCLUDE,EXCLUDE
spec-issue1297-string-cat.p4,EXCLUDE,EXCLUDE
specIssue884.p4,PASS,FAIL
specialization.p4,PASS,PASS
stack-bmv2.p4,PASS,PASS
stack-bvec-bmv2.p4,PASS,PASS
stack-init.p4,PASS,FAIL
stack.p4,PASS,PASS
stack2.p4,PASS,PASS
stack_complex-bmv2.p4,PASS,PASS
stack_ebpf.p4,PASS,PASS
standard_headers.p4,PASS,PASS
states.p4,PASS,PASS
std_meta_inlining.p4,PASS,PASS
strength.p4,EXCLUDE,EXCLUDE
strength2.p4,PASS,PASS
strength3.p4,PASS,PASS
strength4-bmv2.p4,PASS,PASS
strength5.p4,PASS,PASS
strength6.p4,PASS,PASS
string.p4,PASS,PASS
string_anno.p4,PASS,PASS
struct.p4,PASS,PASS
struct1.p4,PASS,PASS
structArg.p4,PASS,PASS
struct_assignment_optimization.p4,PASS,PASS
struct_init-1.p4,PASS,PASS
struct_init.p4,PASS,PASS
structure-valued-expr-ok-1-bmv2.p4,PASS,PASS
structured-annotation.p4,PASS,PASS
structured_annotations.p4,PASS,PASS
subparser-with-header-stack-bmv2.p4,PASS,PASS
switch-expression.p4,PASS,FAIL
switch_ebpf.p4,PASS,PASS
synth-action.p4,PASS,PASS
table-entries-exact-bmv2.p4,PASS,PASS
table-entries-exact-ternary-bmv2.p4,PASS,PASS
table-entries-lpm-bmv2.p4,PASS,PASS
table-entries-no-arg-actions.p4,PASS,FAIL
table-entries-optional-bmv2.p4,PASS,PASS
table-entries-priority-bmv2.p4,PASS,PASS
table-entries-range-bmv2.p4,PASS,PASS
table-entries-ser-enum-bmv2.p4,EXCLUDE,EXCLUDE
table-entries-ternary-bmv2.p4,PASS,PASS
table-entries-valid-bmv2.p4,PASS,PASS
table-key-serenum-bmv2.p4,PASS,PASS
template.p4,PASS,PASS
ternary2-bmv2.p4,PASS,PASS
ternary_ebpf.p4,PASS,PASS
test-parserinvalidargument-error-bmv2.p4,PASS,PASS
test_ebpf.p4,PASS,PASS
trailing-comma.p4,PASS,FAIL
truncate_ubpf.p4,PASS,PASS
tunneling_ubpf.p4,PASS,PASS
tuple.p4,PASS,PASS
tuple0.p4,PASS,PASS
tuple1.p4,PASS,PASS
tuple2.p4,PASS,PASS
tuple3.p4,PASS,FAIL
tuple4.p4,PASS,FAIL
tuple5.p4,EXCLUDE,EXCLUDE
tuple5a.p4,EXCLUDE,EXCLUDE
two-functions.p4,PASS,PASS
twoPipe.p4,PASS,PASS
two_ebpf.p4,PASS,PASS
type-params.p4,PASS,PASS
type-shadow.p4,PASS,PASS
type-spec-nested.p4,PASS,FAIL
typedef-constructor.p4,PASS,FAIL
ubpf_checksum_extern.p4,PASS,PASS
ubpf_hash_extern.p4,PASS,PASS
uninit-nowarnings.p4,PASS,PASS
uninit.p4,PASS,PASS
union-bmv2.p4,PASS,PASS
union-key.p4,PASS,PASS
union-valid-bmv2.p4,PASS,PASS
union1-bmv2.p4,PASS,PASS
union2-bmv2.p4,PASS,PASS
union3-bmv2.p4,PASS,PASS
union4-bmv2.p4,PASS,PASS
unreachable-accept.p4,PASS,PASS
unreachable.p4,PASS,PASS
unused-counter-bmv2.p4,PASS,PASS
unused.p4,PASS,PASS
up4.p4,PASS,PASS
use-priority-as-name.p4,PASS,PASS
useless-cast.p4,PASS,PASS
v1model-const-entries-bmv2.p4,PASS,PASS
v1model-digest-containing-ser-enum.p4,PASS,PASS
v1model-digest-custom-type.p4,PASS,PASS
v1model-p4runtime-enumint-types1.p4,EXCLUDE,EXCLUDE
v1model-p4runtime-most-types1.p4,EXCLUDE,EXCLUDE
v1model-special-ops-bmv2.p4,PASS,PASS
valid.p4,PASS,PASS
valid_ebpf.p4,PASS,PASS
value-sets.p4,PASS,PASS
value_set_ebpf.p4,PASS,PASS
verify-bmv2.p4,PASS,PASS
verify_disjunction.p4,PASS,PASS
verify_ebpf.p4,PASS,PASS
version.p4,PASS,PASS
very_simple_model.p4,PASS,PASS
virtual.p4,PASS,FAIL
virtual2.p4,PASS,FAIL
virtual3.p4,EXCLUDE,EXCLUDE
vss-example.p4,PASS,PASS
wrong-warning.p4,PASS,PASS
x-bmv2.p4,PASS,PASS
xdp_dec_ttl_ebpf-kernel.p4,PASS,PASS
xdp_vlan_push_pop_ebpf-kernel.p4,PASS,PASS
xor_test.p4,PASS,PASS
